City_ID,City,Country,Date,Lat,Lng,Max Temp,Humidity,Cloudiness,Wind Speed
0,Raudeberg,NO,2021-07-31 16:23:05,61.9875,5.1352,59.67,87,33,28.48
1,Atuona,PF,2021-07-31 16:23:05,-9.8,-139.0333,76.46,73,34,12.12
2,Victoria,HK,2021-07-31 16:21:19,22.2855,114.1577,86.97,90,99,1.01
3,Bluff,NZ,2021-07-31 16:23:06,-46.6,168.3333,47.8,95,100,0.78
4,Carnarvon,AU,2021-07-31 16:23:06,-24.8667,113.6333,53.67,57,40,8.05
5,Busselton,AU,2021-07-31 16:23:07,-33.65,115.3333,51.08,81,88,29.68
6,Pangnirtung,CA,2021-07-31 16:23:07,66.1451,-65.7125,51.8,82,75,10.36
7,Codrington,AU,2021-07-31 16:23:08,-38.2667,141.9667,44.92,90,100,8.84
8,Alihe,CN,2021-07-31 16:23:08,50.5667,123.7167,54.09,99,100,5.12
9,Cabo San Lucas,MX,2021-07-31 16:18:17,22.8909,-109.9124,92.61,62,1,5.99
10,Punta Arenas,CL,2021-07-31 16:23:09,-53.15,-70.9167,41.11,60,0,13.8
11,Hilo,US,2021-07-31 16:23:09,19.7297,-155.09,72.81,86,1,6.91
12,Rockport,US,2021-07-31 16:21:40,28.0206,-97.0544,92.03,70,20,1.99
13,Vila Velha,BR,2021-07-31 16:23:10,-20.3297,-40.2925,73.96,47,0,13.8
14,Bjornevatn,NO,2021-07-31 16:23:10,69.6672,29.9847,52.14,87,90,1.14
15,Hami,CN,2021-07-31 16:23:11,42.8,93.45,84.15,28,100,17.54
16,Clyde River,CA,2021-07-31 16:23:11,70.4692,-68.5914,48.43,76,40,8.05
17,Mataura,NZ,2021-07-31 16:23:11,-46.1927,168.8643,47.48,99,100,0.94
18,Westport,US,2021-07-31 16:23:12,41.1415,-73.3579,76.28,54,40,1.01
19,Constitucion,CL,2021-07-31 16:23:12,-35.3333,-72.4167,57.4,64,100,6.96
20,Kahului,US,2021-07-31 16:23:13,20.8947,-156.47,75.22,79,1,14.97
21,Malanje,AO,2021-07-31 16:23:13,-9.5402,16.341,85.37,16,0,5.46
22,Vaini,TO,2021-07-31 16:23:14,-21.2,-175.2,71.76,94,90,11.5
23,San Cristobal,VE,2021-07-31 16:19:40,7.7669,-72.225,84.38,51,43,7.92
24,Vangaindrano,MG,2021-07-31 16:23:14,-23.35,47.6,65.12,76,2,4.25
25,Castro,BR,2021-07-31 16:23:15,-24.7911,-50.0119,55.67,51,100,7.61
26,Georgetown,MY,2021-07-31 16:23:15,5.4112,100.3354,80.89,84,20,1.01
27,Balaipungut,ID,2021-07-31 16:23:15,1.05,101.2833,76.15,93,100,0.83
28,Tura,IN,2021-07-31 16:23:16,25.5198,90.2201,74.23,97,100,5.26
29,Rikitea,PF,2021-07-31 16:20:09,-23.1203,-134.9692,70.83,70,38,11.97
30,Tuktoyaktuk,CA,2021-07-31 16:23:16,69.4541,-133.0374,60.8,88,75,16.11
31,Jiuquan,CN,2021-07-31 16:23:17,39.7432,98.5174,80.83,20,11,12.15
32,Puerto Ayora,EC,2021-07-31 16:23:17,-0.7393,-90.3518,73.36,93,93,8.01
33,Arraial Do Cabo,BR,2021-07-31 16:23:17,-22.9661,-42.0278,69.76,94,75,6.91
34,Guerrero Negro,MX,2021-07-31 16:23:18,27.9769,-114.0611,76.84,63,45,6.67
35,Thompson,CA,2021-07-31 16:22:42,55.7435,-97.8558,68.16,49,75,10.36
36,Mahajanga,MG,2021-07-31 16:23:18,-15.7167,46.3167,80.62,44,20,8.05
37,Itoman,JP,2021-07-31 16:23:19,26.1247,127.6694,82.78,92,20,14.97
38,Ilulissat,GL,2021-07-31 16:23:19,69.2167,-51.1,57.22,41,1,5.75
39,Yellowknife,CA,2021-07-31 16:23:20,62.456,-114.3525,72.28,68,20,1.01
40,Upernavik,GL,2021-07-31 16:23:20,72.7868,-56.1549,42.21,79,97,9.13
41,Aba,NG,2021-07-31 16:23:20,5.1066,7.3667,81.97,70,100,8.72
42,Ushuaia,AR,2021-07-31 16:23:21,-54.8,-68.3,46.06,49,75,13.8
43,Beaverlodge,CA,2021-07-31 16:23:21,55.2166,-119.4361,69.15,58,0,5.46
44,Grindavik,IS,2021-07-31 16:23:21,63.8424,-22.4338,57.15,94,90,13.8
45,Ampanihy,MG,2021-07-31 16:23:22,-24.7,44.75,70.7,58,0,12.95
46,Honiara,SB,2021-07-31 16:23:22,-9.4333,159.95,75.99,89,96,4.76
47,Flin Flon,CA,2021-07-31 16:23:23,54.7682,-101.865,71.44,46,20,6.91
48,Tabas,IR,2021-07-31 16:23:23,33.5959,56.9244,94.48,13,3,10.94
49,Cidreira,BR,2021-07-31 16:23:24,-30.1811,-50.2056,58.64,66,0,15.39
50,San Borja,BO,2021-07-31 16:23:24,-14.8167,-66.85,80.74,28,50,1.63
51,Meulaboh,ID,2021-07-31 16:23:24,4.1363,96.1285,75.87,87,100,4.38
52,Santa Marta De Tormes,ES,2021-07-31 16:23:25,40.9506,-5.6272,69.82,45,40,3.44
53,Novki,RU,2021-07-31 16:23:25,56.3608,41.0775,75.02,44,22,10.02
54,Cape Town,ZA,2021-07-31 16:23:26,-33.9258,18.4232,62.11,87,0,1.01
55,Kerman,IR,2021-07-31 16:23:26,30.2832,57.0788,85.86,19,75,16.11
56,Iqaluit,CA,2021-07-31 16:23:26,63.7506,-68.5145,56.93,54,75,8.01
57,Kapaa,US,2021-07-31 16:23:27,22.0752,-159.319,80.92,72,40,1.99
58,Barrow,US,2021-07-31 16:23:27,71.2906,-156.7887,46.42,97,90,10.36
59,Muros,ES,2021-07-31 16:23:28,42.7762,-9.0603,73.09,55,66,16.17
60,Pundaguitan,PH,2021-07-31 16:23:28,6.3711,126.1689,83.8,78,67,11.52
61,Male,MV,2021-07-31 16:23:29,4.1748,73.5089,82.31,75,20,8.25
62,Aklavik,CA,2021-07-31 16:23:29,68.2191,-135.0107,68.83,68,75,3.44
63,Eina,NO,2021-07-31 16:23:29,60.6295,10.5993,60.31,99,100,3.33
64,Mogadishu,SO,2021-07-31 16:21:11,2.0371,45.3438,76.64,81,95,18.88
65,Saint-Philippe,RE,2021-07-31 16:23:30,-21.3585,55.7679,69.35,74,49,16.49
66,Port Elizabeth,ZA,2021-07-31 16:23:30,-33.918,25.5701,66.09,59,0,5.75
67,Cap Malheureux,MU,2021-07-31 16:23:31,-19.9842,57.6142,70.47,71,2,3.0
68,Albany,US,2021-07-31 16:23:31,42.6001,-73.9662,71.37,51,16,8.12
69,Katsuura,JP,2021-07-31 16:23:31,35.1333,140.3,82.11,88,32,5.64
70,Tiksi,RU,2021-07-31 16:23:32,71.6872,128.8694,40.59,88,54,5.48
71,Bengkulu,ID,2021-07-31 16:23:32,-3.8004,102.2655,76.78,89,59,4.88
72,Longkou,CN,2021-07-31 16:23:33,37.6508,120.3286,77.58,90,0,10.22
73,New Norfolk,AU,2021-07-31 16:23:33,-42.7826,147.0587,49.5,76,100,1.99
74,Butaritari,KI,2021-07-31 16:23:33,3.0707,172.7902,80.13,76,44,2.1
75,Nizhniy Baskunchak,RU,2021-07-31 16:23:34,48.2198,46.8311,91.11,15,98,5.53
76,Aras,ES,2021-07-31 16:23:34,42.5617,-2.356,61.21,58,90,13.8
77,Hobart,AU,2021-07-31 16:19:06,-42.8794,147.3294,49.86,73,100,1.99
78,Esna,EG,2021-07-31 16:23:35,25.2934,32.554,102.22,10,39,12.68
79,Abalak,RU,2021-07-31 16:23:36,58.1286,68.5944,55.04,91,49,2.46
80,Gat,IL,2021-07-31 16:23:36,31.61,34.7642,88.39,43,0,9.89
81,Bredasdorp,ZA,2021-07-31 16:23:36,-34.5322,20.0403,56.52,82,92,3.44
82,Port Alfred,ZA,2021-07-31 16:23:37,-33.5906,26.891,65.19,59,55,7.43
83,Berdigestyakh,RU,2021-07-31 16:23:37,62.0989,126.6992,57.92,55,2,1.23
84,Qaanaaq,GL,2021-07-31 16:23:37,77.484,-69.3632,42.62,85,56,2.66
85,Jamestown,US,2021-07-31 16:23:38,42.097,-79.2353,69.03,62,75,3.0
86,Ahipara,NZ,2021-07-31 16:23:38,-35.1667,173.1667,53.44,88,73,6.89
87,Kipini,KE,2021-07-31 16:23:39,-2.5257,40.5262,75.49,83,86,20.04
88,Persianovskiy,RU,2021-07-31 16:23:39,47.5137,40.1075,88.56,51,0,4.47
89,Sola,VU,2021-07-31 16:23:39,-13.8833,167.55,77.41,72,100,15.03
90,Birnin Kebbi,NG,2021-07-31 16:23:40,12.4539,4.1975,90.41,47,87,9.35
91,Pierre,US,2021-07-31 16:23:40,44.3683,-100.351,83.98,78,1,5.75
92,Alofi,NU,2021-07-31 16:23:41,-19.0595,-169.9187,78.69,89,100,11.5
93,Khani,GE,2021-07-31 16:23:41,41.9563,42.9566,72.97,87,27,2.59
94,Lethem,GY,2021-07-31 16:23:41,3.3803,-59.7968,85.1,64,33,3.22
95,Esperance,AU,2021-07-31 16:23:42,-33.8667,121.9,50.56,71,6,24.65
96,Visconde Do Rio Branco,BR,2021-07-31 16:23:42,-21.0103,-42.8406,73.81,10,57,9.48
97,Dudingen,CH,2021-07-31 16:23:43,46.8492,7.1885,72.66,70,88,5.99
98,Tignere,CM,2021-07-31 16:23:43,7.3667,12.65,68.56,94,100,3.38
99,Boende,CD,2021-07-31 16:23:44,-0.2167,20.8667,87.84,42,100,0.72
100,Ternate,ID,2021-07-31 16:23:44,0.8,127.4,81.05,80,9,1.95
101,Moose Factory,CA,2021-07-31 16:23:45,51.2585,-80.6094,68.0,59,75,8.05
102,Kaitangata,NZ,2021-07-31 16:23:45,-46.2817,169.8464,47.32,96,100,2.08
103,Dakar,SN,2021-07-31 16:20:05,14.6937,-17.4441,85.08,70,75,11.5
104,Lorengau,PG,2021-07-31 16:23:46,-2.0226,147.2712,80.26,79,99,3.87
105,Rawson,AR,2021-07-31 16:23:46,-43.3002,-65.1023,48.15,39,0,4.36
106,Portland,US,2021-07-31 16:22:01,45.5234,-122.6762,79.29,60,90,1.01
107,Kuopio,FI,2021-07-31 16:23:46,62.8924,27.677,69.75,56,0,3.44
108,Yulara,AU,2021-07-31 16:23:47,-25.2406,130.9889,58.84,67,40,9.22
109,Kargasok,RU,2021-07-31 16:23:47,59.0556,80.8572,56.25,98,100,6.58
110,Kodiak,US,2021-07-31 16:23:48,57.79,-152.4072,51.31,93,90,4.61
111,Praia Da Vitoria,PT,2021-07-31 16:23:48,38.7333,-27.0667,77.25,69,20,10.31
112,Luanda,AO,2021-07-31 16:19:17,-8.8368,13.2343,77.0,69,0,10.36
113,Winslow,US,2021-07-31 16:23:49,35.0242,-110.6974,81.97,50,1,6.91
114,Kushima,JP,2021-07-31 16:23:49,31.4583,131.2333,81.12,92,100,3.94
115,Coahuayana,MX,2021-07-31 16:23:49,18.7333,-103.6833,87.28,62,92,2.08
116,Buraydah,SA,2021-07-31 16:23:50,26.326,43.975,104.45,8,24,5.26
117,San Patricio,US,2021-07-31 16:23:50,28.017,-97.5169,92.12,51,19,6.69
118,Puerto Escondido,MX,2021-07-31 16:23:51,15.85,-97.0667,88.63,66,20,9.22
119,Ribeira Grande,PT,2021-07-31 16:23:51,38.5167,-28.7,77.4,69,20,11.5
120,Bondoukou,CI,2021-07-31 16:23:52,8.0333,-2.8,78.1,81,94,6.98
121,Mirnyy,RU,2021-07-31 16:23:52,62.5353,113.9611,57.96,52,4,2.86
122,Aden,YE,2021-07-31 16:19:19,12.7794,45.0367,84.11,68,11,5.57
123,Tukrah,LY,2021-07-31 16:23:53,32.5341,20.5791,87.64,50,0,7.11
124,Nelson Bay,AU,2021-07-31 16:23:53,-32.7167,152.15,56.28,71,0,8.57
125,Sao Filipe,CV,2021-07-31 16:23:53,14.8961,-24.4956,76.51,84,58,8.79
126,Avarua,CK,2021-07-31 16:23:54,-21.2078,-159.775,73.45,73,40,17.27
127,Khatanga,RU,2021-07-31 16:23:54,71.9667,102.5,69.75,37,6,12.57
128,Buala,SB,2021-07-31 16:23:55,-8.145,159.5921,77.86,87,100,9.01
129,Padang,ID,2021-07-31 16:23:55,-0.9492,100.3543,75.25,88,99,4.16
130,Souillac,MU,2021-07-31 16:23:55,-20.5167,57.5167,70.36,78,40,12.66
131,Dudinka,RU,2021-07-31 16:23:56,69.4058,86.1778,52.86,88,75,14.27
132,Bilibino,RU,2021-07-31 16:23:56,68.0546,166.4372,36.97,85,100,2.01
133,Kedrovyy,RU,2021-07-31 16:23:57,56.1667,91.8167,55.81,71,9,2.04
134,Sindor,RU,2021-07-31 16:20:06,62.8629,51.8905,62.13,97,95,5.21
135,Namibe,AO,2021-07-31 16:23:57,-15.1961,12.1522,72.21,79,1,10.25
136,Portree,GB,2021-07-31 16:23:58,57.4129,-6.1942,59.86,77,74,12.8
137,Hamilton,US,2021-07-31 16:23:42,39.1834,-84.5333,80.37,65,1,1.01
138,Mahebourg,MU,2021-07-31 16:23:58,-20.4081,57.7,70.25,78,40,12.66
139,Stephenville Crossing,CA,2021-07-31 16:23:59,48.5,-58.4318,59.22,100,90,17.27
140,Chilliwack,CA,2021-07-31 16:23:59,49.1747,-121.9443,72.57,68,100,4.61
141,Touros,BR,2021-07-31 16:23:59,-5.1989,-35.4608,86.9,54,87,20.15
142,Lagoa,PT,2021-07-31 16:24:00,39.05,-27.9833,71.13,78,28,8.66
143,Kieta,PG,2021-07-31 16:24:00,-6.2167,155.6333,77.76,83,99,4.45
144,San,ML,2021-07-31 16:20:31,13.3034,-4.8956,72.97,83,96,13.24
145,Olafsvik,IS,2021-07-31 16:24:01,64.8945,-23.7142,56.1,87,82,5.28
146,Mehamn,NO,2021-07-31 16:24:01,71.0357,27.8492,51.69,77,100,6.78
147,Venezuela,VE,2021-07-31 16:22:31,8.0,-66.0,84.0,66,54,7.7
148,Byron Bay,AU,2021-07-31 16:24:02,-28.65,153.6167,60.75,89,2,14.38
149,Najran,SA,2021-07-31 16:24:02,17.4924,44.1277,95.65,22,88,6.11
150,Hithadhoo,MV,2021-07-31 16:24:03,-0.6,73.0833,81.81,73,90,4.85
151,Norman Wells,CA,2021-07-31 16:24:03,65.282,-126.8329,68.04,68,75,4.61
152,Tasiilaq,GL,2021-07-31 16:24:04,65.6145,-37.6368,53.76,75,100,2.04
153,Coquimbo,CL,2021-07-31 16:23:47,-29.9533,-71.3436,55.13,71,20,10.36
154,Zunyi,CN,2021-07-31 16:24:04,27.6867,106.9072,70.12,86,90,3.94
155,Tuatapere,NZ,2021-07-31 16:24:04,-46.1333,167.6833,47.82,98,100,2.17
156,Saint-Francois,FR,2021-07-31 16:24:05,46.4154,3.9054,64.67,68,0,4.61
157,Ostersund,SE,2021-07-31 16:24:05,63.1792,14.6357,61.61,62,75,2.3
158,Margate,GB,2021-07-31 16:24:06,51.3813,1.3862,69.89,87,72,1.99
159,Mount Gambier,AU,2021-07-31 16:24:06,-37.8333,140.7667,45.41,85,99,5.46
160,Jacqueville,CI,2021-07-31 16:24:07,5.2052,-4.4146,80.51,82,42,11.23
161,Baruun-Urt,MN,2021-07-31 16:24:07,46.6806,113.2792,54.0,86,54,7.11
162,Flinders,AU,2021-07-31 16:24:08,-34.5833,150.8552,54.21,75,25,7.27
163,Pomabamba,PE,2021-07-31 16:24:08,-8.8333,-77.4667,56.23,53,49,6.15
164,Shenzhen,CN,2021-07-31 16:23:30,22.5455,114.0683,86.86,92,82,7.7
165,Hermanus,ZA,2021-07-31 16:24:09,-34.4187,19.2345,61.9,82,100,1.81
166,Grand Gaube,MU,2021-07-31 16:24:09,-20.0064,57.6608,70.38,72,2,4.0
167,Hambantota,LK,2021-07-31 16:24:10,6.1241,81.1185,80.58,78,93,18.97
168,Berlevag,NO,2021-07-31 16:24:10,70.8578,29.0864,50.11,86,100,11.72
169,Korla,CN,2021-07-31 16:24:10,41.7597,86.1469,77.74,30,94,16.8
170,Tabat,ID,2021-07-31 16:24:11,-2.635,115.2274,73.81,94,29,0.87
171,Jakar,BT,2021-07-31 16:24:11,27.5492,90.7525,59.27,96,87,0.72
172,Provideniya,RU,2021-07-31 16:24:12,64.3833,-173.3,45.5,89,100,5.99
173,Moron,AR,2021-07-31 16:24:12,-34.6534,-58.6198,60.69,48,98,4.32
174,Srednekolymsk,RU,2021-07-31 16:24:13,67.45,153.6833,43.52,76,73,14.16
175,Sao Joao Da Barra,BR,2021-07-31 16:24:13,-21.6403,-41.0511,68.09,67,85,11.23
176,Mount Isa,AU,2021-07-31 16:24:13,-20.7333,139.5,58.77,55,2,0.0
177,Mercedes,AR,2021-07-31 16:20:06,-34.6515,-59.4307,61.86,48,96,6.24
178,Toora-Khem,RU,2021-07-31 16:21:16,52.4675,96.11,53.4,99,100,1.83
179,Port Hardy,CA,2021-07-31 16:24:14,50.6996,-127.4199,59.18,88,90,4.61
180,Hualmay,PE,2021-07-31 16:24:14,-11.0964,-77.6139,66.43,74,62,8.21
181,Robertsport,LR,2021-07-31 16:24:15,6.7533,-11.3686,77.7,83,83,12.71
182,Labuhan,ID,2021-07-31 16:24:15,-6.8844,112.2051,77.2,79,51,5.79
183,Borger,NL,2021-07-31 16:24:16,52.9233,6.7931,67.82,82,81,15.37
184,Prince Rupert,CA,2021-07-31 16:24:16,54.3161,-130.3201,56.89,100,90,4.61
185,Carbonia,IT,2021-07-31 16:24:16,39.1672,8.5222,97.75,46,81,9.19
186,Paicol,CO,2021-07-31 16:24:17,2.4496,-75.775,79.57,59,76,4.92
187,Mayo,US,2021-07-31 16:24:17,38.8876,-76.5119,79.74,58,1,1.99
188,Salinopolis,BR,2021-07-31 16:24:18,-0.6136,-47.3561,82.2,79,29,9.44
189,Sweetwater,US,2021-07-31 16:24:18,25.7634,-80.3731,94.01,68,75,1.01
190,Dongying,CN,2021-07-31 16:24:19,37.4564,118.4856,75.13,92,23,15.99
191,Samarai,PG,2021-07-31 16:24:19,-10.6167,150.6667,78.35,68,100,15.66
192,Dingle,PH,2021-07-31 16:24:20,10.9995,122.6711,79.16,87,75,7.63
193,Saldanha,ZA,2021-07-31 16:24:20,-33.0117,17.9442,66.25,65,30,1.79
194,Fukue,JP,2021-07-31 16:24:20,32.6881,128.8419,80.71,88,77,9.98
195,Sun Prairie,US,2021-07-31 16:24:21,43.1836,-89.2137,75.87,76,20,3.44
196,Pelym,RU,2021-07-31 16:24:21,61.0108,61.9978,65.1,68,53,5.5
197,Kalmar,SE,2021-07-31 16:24:21,56.6616,16.3616,68.97,67,6,17.27
198,Caohai,CN,2021-07-31 16:24:22,26.8661,104.2841,53.67,85,75,1.41
199,Kruisfontein,ZA,2021-07-31 16:24:22,-34.0033,24.7314,63.88,62,80,2.44
200,Saskylakh,RU,2021-07-31 16:24:23,71.9167,114.0833,68.29,38,0,9.13
201,Wilmington,US,2021-07-31 16:21:36,34.2257,-77.9447,93.94,69,20,6.91
202,Pevek,RU,2021-07-31 16:24:23,69.7008,170.3133,34.52,82,95,3.0
203,Bontang,ID,2021-07-31 16:24:24,0.1333,117.5,77.41,91,38,8.25
204,Kavaratti,IN,2021-07-31 16:24:24,10.5669,72.642,81.82,80,75,15.9
205,Dauphin,CA,2021-07-31 16:24:25,51.1494,-100.0502,73.54,56,40,6.91
206,Songea,TZ,2021-07-31 16:24:25,-10.6833,35.65,70.74,36,100,6.04
207,Narsaq,GL,2021-07-31 16:24:26,60.9167,-46.05,64.62,63,89,2.8
208,Alta Floresta,BR,2021-07-31 16:24:26,-9.8756,-56.0861,93.87,18,69,6.53
209,Buin,CL,2021-07-31 16:24:26,-33.7333,-70.75,64.72,22,15,1.21
210,Broome,US,2021-07-31 16:24:27,42.2506,-75.833,69.06,59,75,1.99
211,Myitkyina,MM,2021-07-31 16:24:27,25.3833,97.4,74.1,99,100,1.19
212,Nanortalik,GL,2021-07-31 16:24:28,60.1432,-45.2371,47.84,80,76,12.39
213,Atar,MR,2021-07-31 16:24:28,20.5169,-13.0499,109.62,14,15,15.55
214,Ancud,CL,2021-07-31 16:24:29,-41.8697,-73.8203,47.73,66,30,4.74
215,Uyuni,BO,2021-07-31 16:24:29,-20.4597,-66.825,44.1,42,57,16.31
216,Tessalit,ML,2021-07-31 16:24:30,20.1986,1.0114,105.66,15,7,5.64
217,Klyuchi,RU,2021-07-31 16:24:30,52.2667,79.1667,71.15,39,100,4.5
218,Pokhara,NP,2021-07-31 16:24:31,28.2333,83.9833,73.96,97,96,1.74
219,Severo-Kurilsk,RU,2021-07-31 16:24:31,50.6789,156.125,53.22,97,100,1.34
220,Hue,VN,2021-07-31 16:24:31,16.4667,107.6,89.71,51,40,4.61
221,Havoysund,NO,2021-07-31 16:24:32,70.9963,24.6622,47.28,89,100,9.64
222,Vagur,FO,2021-07-31 16:24:32,61.4732,-6.8119,50.38,77,100,12.64
223,Asau,RO,2021-07-31 16:24:33,46.4333,26.4,85.75,59,35,2.06
224,Necochea,AR,2021-07-31 16:24:33,-38.5473,-58.7368,55.04,67,72,11.74
225,Baykit,RU,2021-07-31 16:24:33,61.67,96.37,56.62,80,63,0.92
226,Fairbanks,US,2021-07-31 16:24:34,64.8378,-147.7164,58.82,85,1,4.61
227,Anadyr,RU,2021-07-31 16:24:34,64.75,177.4833,39.7,86,75,4.0
228,Ambon,ID,2021-07-31 16:24:35,-3.6954,128.1814,79.43,85,36,7.94
229,Sinnamary,GF,2021-07-31 16:24:35,5.3833,-52.95,84.67,69,88,6.82
230,Lafia,NG,2021-07-31 16:24:35,8.4833,8.5167,82.53,72,86,4.32
231,Dera Ghazi Khan,PK,2021-07-31 16:24:36,30.0561,70.6348,96.21,42,92,8.43
232,Zhangye,CN,2021-07-31 16:24:36,38.9342,100.4517,82.94,22,1,9.8
233,Rio Brilhante,BR,2021-07-31 16:24:37,-21.8019,-54.5464,71.85,21,100,8.08
234,Itarema,BR,2021-07-31 16:24:37,-2.9248,-39.9167,89.4,46,61,15.88
235,Bouar,CF,2021-07-31 16:24:38,5.934,15.596,73.94,88,99,3.24
236,East London,ZA,2021-07-31 16:22:00,-33.0153,27.9116,68.94,37,0,6.91
237,Port Lincoln,AU,2021-07-31 16:24:38,-34.7333,135.8667,50.67,73,95,7.72
238,Ponta Do Sol,PT,2021-07-31 16:24:39,32.6667,-17.1,81.72,71,0,5.59
239,Quatre Cocos,MU,2021-07-31 16:24:39,-20.2078,57.7625,70.09,65,5,17.76
240,North Bend,US,2021-07-31 16:24:39,43.4065,-124.2243,62.24,97,90,5.75
241,Ust-Kut,RU,2021-07-31 16:24:40,56.7938,105.7672,59.79,79,1,2.82
242,Havre-Saint-Pierre,CA,2021-07-31 16:24:40,50.2334,-63.5986,55.76,94,90,14.97
243,Lebu,CL,2021-07-31 16:24:41,-37.6167,-73.65,50.36,60,65,12.41
244,Fassuta,IL,2021-07-31 16:24:41,33.0483,35.3098,87.15,56,0,7.0
245,Vostok,RU,2021-07-31 16:24:42,46.4856,135.8833,64.02,95,31,4.5
246,Nautla,MX,2021-07-31 16:24:42,20.2167,-96.7833,84.33,67,34,5.08
247,Rengo,CL,2021-07-31 16:24:42,-34.4167,-70.8667,57.52,29,25,3.4
248,Naze,JP,2021-07-31 16:24:43,28.3667,129.4833,78.26,88,100,6.06
249,Ayan,RU,2021-07-31 16:24:43,56.45,138.1667,52.99,76,66,7.7
250,Bayeux,BR,2021-07-31 16:24:43,-7.125,-34.9322,86.63,62,40,18.41
251,Pisco,PE,2021-07-31 16:24:44,-13.7,-76.2167,66.02,72,90,8.05
252,Lompoc,US,2021-07-31 16:24:45,34.6391,-120.4579,68.92,86,90,4.61
253,South Lake Tahoe,US,2021-07-31 16:24:45,38.9332,-119.9844,74.34,56,20,5.75
254,Bethel,US,2021-07-31 16:21:38,41.3712,-73.414,73.78,56,20,3.44
255,Shiraz,IR,2021-07-31 16:22:45,29.6036,52.5388,87.24,18,40,6.91
256,Parkes,AU,2021-07-31 16:24:46,-33.1333,148.1833,50.88,89,9,8.5
257,Vao,NC,2021-07-31 16:24:46,-22.6667,167.4833,67.37,57,0,24.29
258,Belaya Gora,RU,2021-07-31 16:24:46,68.5333,146.4167,44.65,74,100,19.39
259,Husavik,IS,2021-07-31 16:24:47,66.0449,-17.3389,62.51,55,5,6.58
260,Herat,AF,2021-07-31 16:24:47,34.5,62.0,79.25,13,0,25.34
261,Chokurdakh,RU,2021-07-31 16:24:48,70.6333,147.9167,36.72,81,100,20.54
262,Vila,PT,2021-07-31 16:24:48,42.0304,-8.1588,64.33,54,64,11.52
263,Nantucket,US,2021-07-31 16:19:49,41.2835,-70.0995,71.96,54,1,11.5
264,Dikson,RU,2021-07-31 16:24:49,73.5069,80.5464,45.0,92,100,13.11
265,Chuy,UY,2021-07-31 16:24:49,-33.6971,-53.4616,55.92,59,0,6.69
266,Aalborg,DK,2021-07-31 16:20:15,57.048,9.9187,66.13,65,75,17.27
267,Mamou,GN,2021-07-31 16:24:50,10.5,-12.0,73.85,84,78,10.0
268,Areia Branca,BR,2021-07-31 16:24:50,-4.9561,-37.1369,90.59,44,28,14.74
269,Mar Del Plata,AR,2021-07-31 16:22:58,-38.0023,-57.5575,57.99,55,0,7.0
270,Svetlogorsk,BY,2021-07-31 16:24:51,52.6333,29.7333,80.76,50,99,4.09
271,Nanga Eboko,CM,2021-07-31 16:24:51,4.6833,12.3667,78.6,69,80,3.33
272,Beyneu,KZ,2021-07-31 16:24:51,45.3167,55.2,94.46,12,0,5.03
273,Serro,BR,2021-07-31 16:24:52,-18.6047,-43.3794,72.64,41,43,7.92
274,Yagoua,CM,2021-07-31 16:24:52,10.3411,15.2329,77.59,83,100,4.52
275,Coihaique,CL,2021-07-31 16:24:53,-45.5752,-72.0662,41.61,60,0,6.91
276,Bonavista,CA,2021-07-31 16:24:53,48.6499,-53.1147,68.0,91,99,21.03
277,Mandera,KE,2021-07-31 16:24:53,3.9366,41.867,88.39,31,99,15.14
278,Omboue,GA,2021-07-31 16:24:54,-1.5746,9.2618,77.05,71,21,11.3
279,Swift Current,CA,2021-07-31 16:24:54,50.2834,-107.8014,81.41,36,1,2.3
280,Tatishchevo,RU,2021-07-31 16:24:55,51.6703,45.5953,70.47,60,91,4.72
281,Bilma,NE,2021-07-31 16:24:55,18.6853,12.9164,105.08,8,86,3.31
282,Roswell,US,2021-07-31 16:24:56,34.0232,-84.3616,91.67,70,1,1.01
283,Leningradskiy,RU,2021-07-31 16:24:56,69.3833,178.4167,32.05,92,99,8.55
284,Huarmey,PE,2021-07-31 16:24:57,-10.0681,-78.1522,68.54,73,31,10.54
285,Jimma,ET,2021-07-31 16:24:57,7.6667,36.8333,60.48,99,100,1.99
286,Dolgoderevenskoye,RU,2021-07-31 16:24:58,55.3444,61.3444,70.14,88,75,13.42
287,Kurilsk,RU,2021-07-31 16:24:58,45.2333,147.8833,63.23,95,11,4.03
288,Chuguyevka,RU,2021-07-31 16:24:58,44.1653,133.8633,69.76,88,52,4.9
289,Ariquemes,BR,2021-07-31 16:24:59,-9.9133,-63.0408,88.86,22,1,4.07
290,Klaksvik,FO,2021-07-31 16:24:59,62.2266,-6.589,52.72,79,99,17.0
291,Yashan,CN,2021-07-31 16:25:00,22.1975,109.9419,80.74,89,99,2.08
292,Paveh,IR,2021-07-31 16:25:00,35.0434,46.3565,81.45,13,0,5.46
293,Inuvik,CA,2021-07-31 16:25:00,68.3499,-133.7218,68.86,54,75,3.44
294,Faanui,PF,2021-07-31 16:25:01,-16.4833,-151.75,77.27,68,78,18.97
295,Costuleni,RO,2021-07-31 16:25:01,47.0333,27.85,87.94,45,0,2.48
296,Saint George,US,2021-07-31 16:25:01,37.1041,-113.5841,88.54,46,1,1.99
297,Riverton,US,2021-07-31 16:25:02,40.5219,-111.9391,86.31,49,1,1.01
298,Kavieng,PG,2021-07-31 16:25:02,-2.5744,150.7967,81.09,77,8,6.91
299,Avera,US,2021-07-31 16:25:04,33.194,-82.5271,93.7,51,36,6.76
300,Nome,US,2021-07-31 16:25:05,64.5011,-165.4064,50.07,87,90,23.02
301,Caravelas,BR,2021-07-31 16:25:05,-17.7125,-39.2481,72.32,56,100,13.38
302,Talnakh,RU,2021-07-31 16:25:06,69.4865,88.3972,58.33,73,78,12.3
303,Metro,ID,2021-07-31 16:25:06,-5.1131,105.3067,75.24,87,58,4.79
304,Halifax,CA,2021-07-31 16:22:00,44.6453,-63.5724,68.68,66,21,3.0
305,Karabash,RU,2021-07-31 16:25:07,55.4808,60.2157,63.86,97,100,3.0
306,Chapais,CA,2021-07-31 16:25:07,49.7834,-74.8492,56.98,57,100,7.7
307,Igarka,RU,2021-07-31 16:24:14,67.4667,86.5833,51.67,86,25,9.28
308,Longyearbyen,SJ,2021-07-31 16:25:08,78.2186,15.6401,46.24,66,75,8.05
309,Sangar,RU,2021-07-31 16:25:08,63.9242,127.4739,57.47,66,28,1.05
310,Kungurtug,RU,2021-07-31 16:25:08,50.5994,97.5228,53.91,95,100,2.21
311,San Francisco,US,2021-07-31 16:25:09,37.7749,-122.4194,73.36,90,40,1.99
312,Acapulco,MX,2021-07-31 16:20:55,16.8634,-99.8901,87.62,66,20,2.3
313,Taperoa,BR,2021-07-31 16:25:09,-7.2075,-36.8267,83.35,41,53,19.93
314,Damavand,IR,2021-07-31 16:25:10,35.7178,52.065,82.24,40,55,10.13
315,Adana,TR,2021-07-31 16:25:10,36.985,35.2881,95.52,46,0,10.36
316,Balabagan,PH,2021-07-31 16:25:11,7.5264,124.1142,79.66,85,93,2.15
317,Goryachegorsk,RU,2021-07-31 16:25:11,55.4053,88.9154,54.9,83,31,4.72
318,Daru,PG,2021-07-31 16:25:12,-9.0763,143.2092,76.8,87,98,18.23
319,Karratha,AU,2021-07-31 16:25:12,-20.7377,116.8463,66.4,42,4,12.15
320,San Pedro,PH,2021-07-31 16:25:12,14.35,121.0167,82.15,87,40,4.61
321,Yamada,JP,2021-07-31 16:25:13,39.4667,141.95,73.09,95,100,8.39
322,Omsukchan,RU,2021-07-31 16:25:14,62.5333,155.8,44.87,65,96,3.96
323,Nikolskoye,RU,2021-07-31 16:25:14,59.7035,30.7861,71.49,50,7,9.53
324,Manoharpur,IN,2021-07-31 16:25:14,27.3,75.95,77.95,86,96,3.42
325,Zaysan,KZ,2021-07-31 16:25:15,47.4667,84.8667,65.05,19,0,10.83
326,Abu Samrah,SY,2021-07-31 16:25:15,35.3029,37.1841,94.46,25,0,15.41
327,Davila,PH,2021-07-31 16:25:16,18.4726,120.5763,81.86,85,100,22.88
328,Berezovo,RU,2021-07-31 16:25:16,63.9381,65.0419,56.1,68,31,8.86
329,Rocha,UY,2021-07-31 16:22:28,-34.4833,-54.3333,57.7,57,0,6.87
330,Soyo,AO,2021-07-31 16:25:17,-6.1349,12.3689,77.05,75,0,9.17
331,Kasempa,ZM,2021-07-31 16:25:17,-13.4584,25.8338,70.39,32,0,6.13
332,Hasaki,JP,2021-07-31 16:25:18,35.7333,140.8333,75.6,92,98,11.86
333,Colwyn Bay,GB,2021-07-31 16:25:18,53.2948,-3.7267,64.47,86,91,8.99
334,Onega,RU,2021-07-31 16:25:18,63.9061,38.1404,63.88,76,76,1.79
335,Balsas,BR,2021-07-31 16:25:19,-7.5325,-46.0356,97.45,23,3,10.36
336,Waingapu,ID,2021-07-31 16:25:19,-9.6567,120.2641,74.59,78,31,7.0
337,Mantua,IT,2021-07-31 16:25:20,45.1667,10.7833,92.71,55,2,4.38
338,Noumea,NC,2021-07-31 16:25:20,-22.2763,166.4572,70.0,99,20,13.69
339,Uglovskoye,RU,2021-07-31 16:25:20,51.3557,80.1942,69.55,27,79,8.39
340,Krasnoselkup,RU,2021-07-31 16:25:21,65.7,82.4667,55.54,68,96,9.33
341,Shimoda,JP,2021-07-31 16:25:21,34.6667,138.95,75.11,84,8,4.07
342,Libertador General San Martin,AR,2021-07-31 16:25:22,-23.8064,-64.7876,66.94,24,0,3.04
343,Boueni,YT,2021-07-31 16:25:22,-12.9025,45.0761,75.18,68,2,7.31
344,Arkhangelskaya,RU,2021-07-31 16:25:23,45.6796,40.2754,89.49,30,30,10.49
345,Eenhana,NA,2021-07-31 16:25:23,-17.4667,16.3333,76.75,14,9,10.33
346,Gazli,UZ,2021-07-31 16:25:24,40.1333,63.45,90.72,11,61,12.55
347,Waddan,LY,2021-07-31 16:25:24,29.1614,16.139,103.41,9,0,13.24
348,Beringovskiy,RU,2021-07-31 16:25:24,63.05,179.3167,43.03,83,97,14.56
349,Sobolevo,RU,2021-07-31 16:25:25,54.4299,31.8996,73.65,58,34,6.31
350,Cockburn Town,TC,2021-07-31 16:25:25,21.4612,-71.1419,87.76,62,40,13.8
351,Anacortes,US,2021-07-31 16:25:26,48.5126,-122.6127,71.91,84,1,1.01
352,Bunia,CD,2021-07-31 16:25:26,1.5667,30.25,74.53,52,97,0.76
353,Yambio,SS,2021-07-31 16:25:26,4.5721,28.3955,72.81,85,90,4.41
354,Cherskiy,RU,2021-07-31 16:25:27,68.75,161.3,41.99,92,100,15.97
355,Khash,IR,2021-07-31 16:25:27,28.2211,61.2158,86.52,13,22,8.66
356,Morgantown,US,2021-07-31 16:25:28,39.6295,-79.9559,78.21,56,1,0.0
357,Damara,CF,2021-07-31 16:25:28,4.9608,18.7035,80.02,61,66,2.91
358,Tongliao,CN,2021-07-31 16:25:28,43.6125,122.2653,70.11,96,34,0.89
359,Nova Olinda Do Norte,BR,2021-07-31 16:25:29,-3.8881,-59.0942,92.01,31,57,2.91
360,Porto Novo,BJ,2021-07-31 16:23:53,6.4965,2.6036,84.02,65,41,11.54
361,Geraldton,AU,2021-07-31 16:25:29,-28.7667,114.6,59.41,72,75,14.97
362,Apastovo,RU,2021-07-31 16:25:30,55.2029,48.5109,79.11,53,43,11.05
363,Banjar,ID,2021-07-31 16:25:30,-8.19,114.9675,78.66,88,79,6.29
364,Kyabram,AU,2021-07-31 16:25:31,-36.3167,145.05,47.88,96,96,10.71
365,Moree,AU,2021-07-31 16:25:31,-29.4667,149.85,60.82,72,0,16.11
366,Stillwater,US,2021-07-31 16:24:47,36.1156,-97.0584,95.4,55,1,1.01
367,Poyarkovo,RU,2021-07-31 16:25:32,49.6,128.6833,66.67,98,100,10.09
368,Yarmouth,US,2021-07-31 16:25:32,41.7057,-70.2286,74.44,57,1,5.01
369,Jardim,BR,2021-07-31 16:25:33,-21.4803,-56.1381,76.05,14,95,5.06
370,San Miguel De Cauri,PE,2021-07-31 16:25:33,-10.1,-76.5833,53.38,50,57,7.81
371,Porto Santo,PT,2021-07-31 16:25:33,33.072,-16.3415,76.91,64,40,13.8
372,Waitati,NZ,2021-07-31 16:25:34,-45.75,170.5667,50.81,82,100,5.64
373,Boulder,US,2021-07-31 16:21:10,40.0833,-105.3505,69.51,79,1,5.01
374,Vestmannaeyjar,IS,2021-07-31 16:25:34,63.4427,-20.2734,54.59,87,90,20.71
375,Zambrano,CO,2021-07-31 16:25:35,9.7472,-74.8153,92.34,50,18,7.05
376,Yangjiang,CN,2021-07-31 16:25:35,21.85,111.9667,85.95,86,100,5.7
377,Vanimo,PG,2021-07-31 16:25:36,-2.6741,141.3028,77.52,89,66,4.9
378,Dunedin,NZ,2021-07-31 16:25:36,-45.8742,170.5036,50.81,82,100,15.99
379,Yaan,NG,2021-07-31 16:25:36,7.3833,8.5667,82.29,64,100,6.17
380,Auki,SB,2021-07-31 16:25:37,-8.7676,160.7034,76.69,89,100,9.93
381,Misratah,LY,2021-07-31 16:25:37,32.3754,15.0925,91.4,43,0,9.91
382,Miguel Auza,MX,2021-07-31 16:25:38,24.2933,-103.4503,70.36,56,21,11.41
383,Waiouru,NZ,2021-07-31 16:25:38,-39.4833,175.6667,35.06,80,97,3.36
384,Churapcha,RU,2021-07-31 16:25:39,62.0025,132.4325,56.73,60,0,2.57
385,Juneau,US,2021-07-31 16:23:37,58.3019,-134.4197,70.11,85,20,0.0
386,Fort Nelson,CA,2021-07-31 16:25:39,58.8053,-122.7002,67.59,64,1,4.61
387,Port Hedland,AU,2021-07-31 16:25:40,-20.3167,118.5667,62.65,63,3,8.05
388,Hirara,JP,2021-07-31 16:25:40,24.8,125.2833,82.83,88,100,14.34
389,Nurota,UZ,2021-07-31 16:25:41,40.5614,65.6886,86.09,16,80,14.83
390,Sechura,PE,2021-07-31 16:25:41,-5.5569,-80.8222,74.55,60,6,8.55
391,Mzimba,MW,2021-07-31 16:25:41,-11.9,33.6,60.39,68,44,7.16
392,La Ronge,CA,2021-07-31 16:21:16,55.1001,-105.2842,73.62,43,20,5.75
393,Ugoofaaru,MV,2021-07-31 16:25:42,5.6667,73.0,82.15,75,100,9.55
394,Pacific Grove,US,2021-07-31 16:25:12,36.6177,-121.9166,64.51,90,90,4.0
395,Torbay,CA,2021-07-31 16:25:43,47.6666,-52.7314,70.57,79,75,27.63
396,Ayr,GB,2021-07-31 16:25:43,55.4627,-4.6339,69.93,65,97,6.2
397,Oriximina,BR,2021-07-31 16:25:44,-1.7656,-55.8661,75.7,87,100,3.38
398,Skovorodino,RU,2021-07-31 16:25:44,53.9833,123.9167,56.7,71,100,4.61
399,Kirakira,SB,2021-07-31 16:25:44,-10.4544,161.9205,75.16,83,85,9.28
400,Lesosibirsk,RU,2021-07-31 16:25:45,58.2358,92.4828,57.11,63,6,2.91
401,Watrous,CA,2021-07-31 16:25:45,51.6668,-105.4679,77.31,29,0,5.44
402,Seguela,CI,2021-07-31 16:25:46,7.9611,-6.6731,82.42,67,84,3.6
403,Lazaro Cardenas,MX,2021-07-31 16:25:46,17.9583,-102.2,83.84,68,43,6.15
404,Acurenam,GQ,2021-07-31 16:25:47,1.0322,10.6488,75.67,73,97,3.58
405,Kununurra,AU,2021-07-31 16:25:47,-15.7667,128.7333,69.78,83,4,2.3
406,Bagan,RU,2021-07-31 16:25:47,54.1001,77.6646,64.81,61,31,7.31
407,Aksarka,RU,2021-07-31 16:25:48,66.5606,67.7975,52.41,73,61,8.21
408,Oktyabrskiy,RU,2021-07-31 16:25:48,54.4815,53.471,70.84,80,98,6.22
409,Brae,GB,2021-07-31 16:25:49,60.3964,-1.353,55.31,74,81,17.29
410,Yerbogachen,RU,2021-07-31 16:25:49,61.2767,108.0108,59.97,55,1,5.79
411,Sarkand,KZ,2021-07-31 16:25:50,45.41,79.9186,63.54,30,0,7.58
412,Seydi,TM,2021-07-31 16:25:50,39.4816,62.9137,87.85,12,3,12.48
413,Cabra,ES,2021-07-31 16:25:50,37.4725,-4.4421,87.24,27,5,3.0
414,Tilichiki,RU,2021-07-31 16:25:51,60.4667,166.1,41.61,73,12,4.61
415,Vardo,NO,2021-07-31 16:25:51,70.3705,31.1107,48.2,91,100,16.51
416,Bairnsdale,AU,2021-07-31 16:25:52,-37.8333,147.6167,53.47,92,83,1.99
417,Zbarazh,UA,2021-07-31 16:25:52,49.6636,25.7762,81.48,52,10,7.74
418,Tucuma,BR,2021-07-31 16:22:23,-0.1833,-50.05,83.39,77,33,4.63
419,Fond Du Lac,US,2021-07-31 16:25:53,43.775,-88.4388,77.49,64,1,5.75
420,Arlit,NE,2021-07-31 16:25:53,18.7369,7.3853,103.64,18,5,3.74
421,Santa Maria Da Vitoria,BR,2021-07-31 16:25:53,-13.3947,-44.1886,86.92,33,35,9.46
422,Kabalo,CD,2021-07-31 16:25:54,-6.05,26.9167,88.57,20,8,6.29
423,Upington,ZA,2021-07-31 16:25:54,-28.4478,21.2561,70.18,19,0,5.75
424,Taltal,CL,2021-07-31 16:25:55,-25.4,-70.4833,64.2,64,20,7.63
425,Inzhavino,RU,2021-07-31 16:25:55,52.3185,42.4937,76.96,58,65,4.41
426,Grenfell,AU,2021-07-31 16:25:55,-33.9,148.1667,51.8,86,94,5.99
427,Qazvin,IR,2021-07-31 16:25:56,36.2797,50.0049,74.82,57,75,6.91
428,Uinskoye,RU,2021-07-31 16:25:56,56.8817,56.5813,65.12,98,81,5.23
429,Chegdomyn,RU,2021-07-31 16:25:57,51.1167,133.0167,59.29,97,100,3.29
430,Laem Sing,TH,2021-07-31 16:25:57,12.4816,102.0738,81.18,84,100,15.32
431,Bonfim,BR,2021-07-31 16:25:57,3.0833,-59.95,84.6,64,33,4.83
432,Oda,JP,2021-07-31 16:25:58,35.1833,132.5,75.61,80,88,4.45
433,Oistins,BB,2021-07-31 16:21:19,13.0667,-59.5333,87.89,74,40,18.41
434,Airai,TL,2021-07-31 16:25:58,-8.9266,125.4092,57.38,92,26,2.64
435,Kuching,MY,2021-07-31 16:22:10,1.55,110.3333,82.62,83,20,2.3
436,Mokhotlong,LS,2021-07-31 16:25:59,-29.2894,29.0675,47.66,25,0,0.92
437,Matara,LK,2021-07-31 16:25:59,5.9485,80.5353,79.2,85,96,10.45
438,Yarada,IN,2021-07-31 16:26:00,17.65,83.2667,86.32,66,75,10.36
439,Saurimo,AO,2021-07-31 16:26:00,-9.6608,20.3916,83.89,14,4,7.0
440,Acheng,CN,2021-07-31 16:26:01,45.5454,126.977,73.33,95,15,6.91
441,Nanae,JP,2021-07-31 16:26:01,41.8833,140.6833,70.81,90,98,2.13
442,Izhma,RU,2021-07-31 16:26:01,65.0083,53.9113,56.34,96,100,8.23
443,Banda Aceh,ID,2021-07-31 16:21:58,5.5577,95.3222,81.84,66,100,13.27
444,Roald,NO,2021-07-31 16:26:02,62.5833,6.1333,59.9,76,75,17.27
445,Puerto Gaitan,CO,2021-07-31 16:24:50,4.3133,-72.0816,80.46,70,57,9.17
446,Pueblo,US,2021-07-31 16:26:03,38.2545,-104.6091,82.74,48,1,1.99
447,Petropavlovsk-Kamchatskiy,RU,2021-07-31 16:26:04,53.0452,158.6483,50.59,100,90,2.24
448,Aljezur,PT,2021-07-31 16:26:04,37.3191,-8.8033,68.59,63,40,22.26
449,Jiquipilas,MX,2021-07-31 16:26:04,16.6667,-93.65,81.63,80,94,6.76
450,Raymond Terrace,AU,2021-07-31 16:26:05,-32.75,151.75,56.28,93,0,0.0
451,Predeal,RO,2021-07-31 16:26:05,45.5,25.5667,71.38,72,83,4.74
452,Ornskoldsvik,SE,2021-07-31 16:26:06,63.2909,18.7153,67.82,77,40,10.36
453,North Battleford,CA,2021-07-31 16:26:06,52.7834,-108.2847,81.41,46,1,2.3
454,Caetite,BR,2021-07-31 16:26:07,-14.0694,-42.475,72.81,51,57,15.14
455,Smithers,CA,2021-07-31 16:26:07,54.7804,-127.1743,62.92,77,20,4.61
456,Uga,NG,2021-07-31 16:26:07,5.9358,7.0793,83.28,59,80,7.29
457,La Encarnacion,HN,2021-07-31 16:26:08,14.6667,-89.0833,78.06,79,86,4.45
458,Isangel,VU,2021-07-31 16:26:08,-19.55,169.2667,68.83,59,5,15.75
459,Khandagayty,RU,2021-07-31 16:26:09,50.7333,92.05,54.82,79,100,6.38
460,Ocean Springs,US,2021-07-31 16:26:09,30.4113,-88.8278,92.52,76,20,0.0
461,Verkhoyansk,RU,2021-07-31 16:26:10,67.5447,133.385,61.41,69,44,4.03
462,Hofn,IS,2021-07-31 16:26:10,64.2539,-15.2082,48.76,85,37,9.93
463,Makinsk,KZ,2021-07-31 16:26:11,52.6292,70.4169,70.48,57,97,7.16
464,Yeppoon,AU,2021-07-31 16:26:11,-23.1333,150.7333,56.98,87,0,4.29
465,Katobu,ID,2021-07-31 16:26:11,-4.9408,122.5276,73.81,94,29,2.48
466,Calamar,CO,2021-07-31 16:26:12,10.2511,-74.9146,96.75,48,0,8.61
467,Igrim,RU,2021-07-31 16:26:12,63.1906,64.4162,58.37,67,29,4.97
468,Praia,CV,2021-07-31 16:26:13,14.9215,-23.5087,84.74,61,40,9.22
469,Shingu,JP,2021-07-31 16:26:13,33.7333,135.9833,79.92,92,21,4.61
470,Ghauspur,PK,2021-07-31 16:26:13,28.1391,69.0831,98.49,29,100,9.46
471,Nargana,PA,2021-07-31 16:26:14,9.4428,-78.5906,83.16,78,88,4.79
472,Mgachi,RU,2021-07-31 16:26:14,51.05,142.2667,55.9,87,100,5.61
473,Russell,US,2021-07-31 16:26:15,32.3502,-85.1999,91.38,68,1,4.61
474,Motala,SE,2021-07-31 16:26:15,58.5371,15.0365,64.18,82,60,7.31
475,Dandong,CN,2021-07-31 16:26:15,40.1292,124.3947,73.27,98,16,5.1
476,Esmeraldas,BR,2021-07-31 16:26:16,-19.7625,-44.3139,70.11,32,3,9.57
477,Yar-Sale,RU,2021-07-31 16:26:16,66.8333,70.8333,51.33,80,55,4.99
478,Kandrian,PG,2021-07-31 16:26:17,-6.2167,149.55,76.46,91,98,10.67
479,Kimbe,PG,2021-07-31 16:26:17,-5.5502,150.1429,74.21,93,96,5.28
480,Pontianak,ID,2021-07-31 16:26:17,-0.0333,109.3333,78.78,94,17,3.44
481,Cordoba,AR,2021-07-31 16:26:18,-31.4135,-64.1811,67.75,23,0,8.01
482,Nisia Floresta,BR,2021-07-31 16:26:18,-6.0911,-35.2086,86.81,48,25,17.85
483,Galle,LK,2021-07-31 16:26:19,6.0367,80.217,79.83,85,87,11.12
484,Olenino,RU,2021-07-31 16:26:19,56.2092,33.4889,70.03,59,67,8.39
485,Chumikan,RU,2021-07-31 16:26:19,54.7183,135.315,48.92,96,100,6.06
486,Daura,NG,2021-07-31 16:26:20,11.5538,11.4085,85.28,56,91,5.66
487,La Baule-Escoublac,FR,2021-07-31 16:26:20,47.2922,-2.364,71.02,66,90,13.8
488,Hovd,MN,2021-07-31 16:26:21,48.0056,91.6419,56.41,81,100,1.39
489,Itaquyry,PY,2021-07-31 16:26:21,-24.9333,-55.2167,62.82,39,100,4.76
490,Suba,PH,2021-07-31 16:26:21,10.8438,121.0102,83.97,79,64,13.02
491,Dauriya,RU,2021-07-31 16:26:22,49.9333,116.8667,51.49,79,49,9.28
492,Adrar,MR,2021-07-31 16:26:22,20.5022,-10.0711,106.59,16,62,5.7
493,Nieves,PH,2021-07-31 16:26:23,15.3274,120.9485,77.04,93,100,4.63
494,Maragogi,BR,2021-07-31 16:26:23,-9.0122,-35.2225,79.39,72,12,14.92
495,Jiazi,CN,2021-07-31 16:26:24,22.8779,116.067,83.34,84,99,14.07
496,Ostrovnoy,RU,2021-07-31 16:26:24,68.0531,39.5131,48.02,95,100,9.19
497,Mendoza,AR,2021-07-31 16:22:28,-32.8908,-68.8272,57.56,34,13,15.5
498,Nouadhibou,MR,2021-07-31 16:26:25,20.931,-17.0347,75.18,73,8,24.16
499,Knysna,ZA,2021-07-31 16:26:26,-34.0363,23.0471,59.38,58,55,1.45
500,Polovinnoye,RU,2021-07-31 16:26:26,54.7914,65.9864,68.61,71,100,5.77
501,Andilamena,MG,2021-07-31 16:26:26,-17.0167,48.5833,56.46,88,68,13.33
502,Kerouane,GN,2021-07-31 16:26:27,9.2667,-9.0167,77.94,84,85,6.06
503,Kozluk,TR,2021-07-31 16:26:27,38.1938,41.4885,95.25,16,18,4.09
504,Floro,NO,2021-07-31 16:26:27,61.5996,5.0328,60.76,59,40,18.41
505,Nago,JP,2021-07-31 16:26:28,26.5881,127.9761,82.83,91,78,7.63
506,Cocobeach,GA,2021-07-31 16:26:28,1.0002,9.5823,80.53,73,13,11.83
507,Tres Arroyos,AR,2021-07-31 16:26:29,-38.3739,-60.2798,56.44,48,64,10.0
508,Newport,GB,2021-07-31 16:26:29,51.5877,-2.9984,69.39,76,76,14.23
509,Wawina,HN,2021-07-31 16:26:30,15.4167,-84.4333,79.41,90,100,2.24
510,Maniitsoq,GL,2021-07-31 16:26:31,65.4167,-52.9,45.68,87,12,7.9
511,Tautira,PF,2021-07-31 16:26:31,-17.7333,-149.15,69.82,60,99,12.53
512,Luwuk,ID,2021-07-31 16:26:31,-0.9516,122.7875,76.35,88,14,4.81
513,Saint-Felicien,CA,2021-07-31 16:26:32,48.6501,-72.4491,61.48,59,75,13.8
514,Keti Bandar,PK,2021-07-31 16:26:32,24.1447,67.4497,82.26,82,93,24.02
515,Socorro,US,2021-07-31 16:24:19,31.6546,-106.3033,86.45,48,90,0.0
516,Nioro,GM,2021-07-31 16:26:33,13.35,-15.75,86.43,62,98,5.55
517,Belen,TR,2021-07-31 16:26:33,36.4891,36.2233,80.74,62,0,21.85
518,Barcelos,PT,2021-07-31 16:26:34,41.5388,-8.6151,74.91,53,43,16.37
519,Novaya Igirma,RU,2021-07-31 16:26:34,57.1334,103.9112,63.97,71,93,4.59
520,Les Escoumins,CA,2021-07-31 16:26:34,48.1111,-69.0236,57.76,68,99,14.09
521,Englewood,US,2021-07-31 16:26:35,39.6478,-104.9878,76.01,72,75,1.01
522,Namatanai,PG,2021-07-31 16:26:35,-3.6667,152.4333,78.26,83,10,6.35
523,Witham,GB,2021-07-31 16:26:36,51.8001,0.6404,70.02,86,77,10.45
524,Olinda,BR,2021-07-31 16:26:29,-8.0089,-34.8553,80.33,65,40,18.41
525,Ialibu,PG,2021-07-31 16:26:36,-6.2821,143.9935,55.78,97,100,2.08
526,Saint-Denis,FR,2021-07-31 16:26:37,48.9167,2.3333,73.76,53,90,6.91
527,Vanavara,RU,2021-07-31 16:26:37,60.34,102.2797,62.19,86,100,4.41
528,Bianzhuang,CN,2021-07-31 16:26:38,34.8486,118.0447,78.46,88,0,6.44
529,Ilebo,CD,2021-07-31 16:26:38,-4.3167,20.5833,95.09,18,50,1.74
530,Sivas,TR,2021-07-31 16:26:38,39.7916,37.0019,70.43,60,0,19.57
531,Santa Isabel Do Rio Negro,BR,2021-07-31 16:26:39,-0.4139,-65.0192,86.5,47,71,3.42
532,Tonj,SS,2021-07-31 16:26:39,7.2737,28.6822,71.1,95,100,3.6
533,Bama,NG,2021-07-31 16:26:40,11.5221,13.6856,83.66,64,100,2.73
534,Progreso,MX,2021-07-31 16:26:40,21.2833,-89.6667,91.11,62,13,8.46
535,Antofagasta,CL,2021-07-31 16:24:41,-23.65,-70.4,64.22,64,16,7.43
536,Tommot,RU,2021-07-31 16:26:41,58.9564,126.2925,49.1,83,0,2.84
537,Hongjiang,CN,2021-07-31 16:26:41,27.11,109.9956,82.24,67,99,2.62
538,Anchorage,US,2021-07-31 16:26:41,61.2181,-149.9003,57.74,88,90,0.0
539,Comodoro Rivadavia,AR,2021-07-31 16:21:53,-45.8667,-67.5,48.06,31,0,18.41
540,Konstanz,DE,2021-07-31 16:26:42,47.6603,9.1758,74.62,55,78,5.01
541,High Level,CA,2021-07-31 16:26:42,58.5169,-117.136,69.91,60,1,4.61
542,Bambanglipuro,ID,2021-07-31 16:26:43,-7.95,110.2833,77.47,83,94,10.54
543,Tolaga Bay,NZ,2021-07-31 16:26:43,-38.3667,178.3,47.34,88,76,5.46
544,Kibaya,TZ,2021-07-31 16:26:44,-5.3,36.5667,65.17,42,84,8.14
545,Skoghall,SE,2021-07-31 16:26:44,59.3232,13.4655,66.76,77,75,6.91
546,Uruzgan,AF,2021-07-31 16:26:44,32.8333,66.0,79.57,16,1,3.09
547,Mezen,RU,2021-07-31 16:26:45,65.8522,44.24,62.8,82,100,1.81
548,Ushtobe,KZ,2021-07-31 16:26:45,45.2514,77.9838,71.82,23,0,10.87
549,Valdez,EC,2021-07-31 16:26:46,1.2492,-78.9831,76.89,86,99,8.55
550,Nador,MA,2021-07-31 16:26:46,35.174,-2.9287,89.67,44,0,20.71
551,Camana,PE,2021-07-31 16:26:46,-16.6228,-72.7111,65.66,71,29,11.16
552,Carupano,VE,2021-07-31 16:26:47,10.6678,-63.2585,85.19,68,12,9.35
553,Kashan,IR,2021-07-31 16:26:47,33.9831,51.4364,97.07,15,51,19.57
554,Cuxhaven,DE,2021-07-31 16:24:47,53.8718,8.6909,63.99,80,77,23.55
555,Obregon,NI,2021-07-31 16:26:48,11.9566,-85.9636,86.27,56,87,14.36
556,Pingliang,CN,2021-07-31 16:26:48,35.5392,106.6861,77.5,30,18,5.77
557,Rabaul,PG,2021-07-31 16:26:48,-4.1967,152.1721,78.71,81,13,8.23
558,Sisimiut,GL,2021-07-31 16:26:49,66.9395,-53.6735,49.35,71,10,12.19
559,Sharjah,AE,2021-07-31 16:23:52,25.3573,55.4033,98.76,61,0,5.75
560,Bermejo,AR,2021-07-31 16:26:49,-32.8833,-68.8,58.1,34,11,16.35
561,Marsh Harbour,BS,2021-07-31 16:26:50,26.5412,-77.0636,84.99,64,1,7.54
562,Palmer,US,2021-07-31 16:26:50,42.1584,-72.3287,72.99,52,20,1.99
563,Sri Aman,MY,2021-07-31 16:26:51,1.2376,111.4621,77.05,94,48,0.0
564,Greeley,US,2021-07-31 16:26:51,40.4233,-104.7091,76.05,69,40,4.0
565,Stara Tura,SK,2021-07-31 16:26:52,48.7772,17.6943,83.95,47,0,6.91
566,Gannan,CN,2021-07-31 16:26:52,47.9147,123.5031,58.44,96,100,17.9
567,Carroll,US,2021-07-31 16:26:52,39.5501,-77.0164,77.92,57,1,4.0
568,Two Rivers,US,2021-07-31 16:24:53,44.1539,-87.5693,75.54,80,1,1.99
569,Rangapara,IN,2021-07-31 16:26:53,26.8167,92.65,75.81,95,65,2.04
570,Arcata,US,2021-07-31 16:26:53,40.8665,-124.0828,57.92,91,90,4.0
571,Sitka,US,2021-07-31 16:26:54,57.0531,-135.33,62.49,82,40,5.75
572,Stornoway,GB,2021-07-31 16:26:54,58.2093,-6.3865,57.92,76,90,12.66
573,Keetmanshoop,NA,2021-07-31 16:26:55,-26.5833,18.1333,74.32,12,0,10.36
574,Stonewall,CA,2021-07-31 16:26:55,50.1344,-97.3268,75.67,30,1,17.25
